<?xml version="1.0" encoding="UTF-8"?>
<GenRun Id="impl_1" LaunchPart="xc7a100tcsg324-1" LaunchTime="1733057286">
  <File Type="WBT-USG" Name="usage_statistics_webtalk.html"/>
  <File Type="BG-DRC" Name="imp_even_odd.drc"/>
  <File Type="BG-BGN" Name="imp_even_odd.bgn"/>
  <File Type="BITSTR-SYSDEF" Name="imp_even_odd.sysdef"/>
  <File Type="BITSTR-LTX" Name="debug_nets.ltx"/>
  <File Type="BITSTR-LTX" Name="imp_even_odd.ltx"/>
  <File Type="BITSTR-MMI" Name="imp_even_odd.mmi"/>
  <File Type="BITSTR-BMM" Name="imp_even_odd_bd.bmm"/>
  <File Type="BITSTR-NKY" Name="imp_even_odd.nky"/>
  <File Type="BITSTR-RBT" Name="imp_even_odd.rbt"/>
  <File Type="BITSTR-MSK" Name="imp_even_odd.msk"/>
  <File Type="BG-BIN" Name="imp_even_odd.bin"/>
  <File Type="BG-BIT" Name="imp_even_odd.bit"/>
  <File Type="POSTROUTE-PHYSOPT-BUS-SKEW-RPX" Name="imp_even_odd_bus_skew_postroute_physopted.rpx"/>
  <File Type="POSTROUTE-PHYSOPT-BUS-SKEW-PB" Name="imp_even_odd_bus_skew_postroute_physopted.pb"/>
  <File Type="POSTROUTE-PHYSOPT-BUS-SKEW" Name="imp_even_odd_bus_skew_postroute_physopted.rpt"/>
  <File Type="RDI-RDI" Name="imp_even_odd.vdi"/>
  <File Type="POSTROUTE-PHYSOPT-TIMING-RPX" Name="imp_even_odd_timing_summary_postroute_physopted.rpx"/>
  <File Type="POSTROUTE-PHYSOPT-TIMING-PB" Name="imp_even_odd_timing_summary_postroute_physopted.pb"/>
  <File Type="POSTROUTE-PHYSOPT-TIMING" Name="imp_even_odd_timing_summary_postroute_physopted.rpt"/>
  <File Type="POSTROUTE-PHYSOPT-BLACKBOX-DCP" Name="imp_even_odd_postroute_physopt_bb.dcp"/>
  <File Type="POSTROUTE-PHYSOPT-DCP" Name="imp_even_odd_postroute_physopt.dcp"/>
  <File Type="ROUTE-BUS-SKEW" Name="imp_even_odd_bus_skew_routed.rpt"/>
  <File Type="ROUTE-CLK" Name="imp_even_odd_clock_utilization_routed.rpt"/>
  <File Type="ROUTE-SIMILARITY" Name="imp_even_odd_incremental_reuse_routed.rpt"/>
  <File Type="ROUTE-TIMING-RPX" Name="imp_even_odd_timing_summary_routed.rpx"/>
  <File Type="ROUTE-TIMING-PB" Name="imp_even_odd_timing_summary_routed.pb"/>
  <File Type="ROUTE-TIMINGSUMMARY" Name="imp_even_odd_timing_summary_routed.rpt"/>
  <File Type="ROUTE-STATUS-PB" Name="imp_even_odd_route_status.pb"/>
  <File Type="ROUTE-STATUS" Name="imp_even_odd_route_status.rpt"/>
  <File Type="ROUTE-PWR-RPX" Name="imp_even_odd_power_routed.rpx"/>
  <File Type="ROUTE-PWR-SUM" Name="imp_even_odd_power_summary_routed.pb"/>
  <File Type="ROUTE-PWR" Name="imp_even_odd_power_routed.rpt"/>
  <File Type="ROUTE-METHODOLOGY-DRC-PB" Name="imp_even_odd_methodology_drc_routed.pb"/>
  <File Type="ROUTE-METHODOLOGY-DRC-RPX" Name="imp_even_odd_methodology_drc_routed.rpx"/>
  <File Type="ROUTE-METHODOLOGY-DRC" Name="imp_even_odd_methodology_drc_routed.rpt"/>
  <File Type="ROUTE-DRC-RPX" Name="imp_even_odd_drc_routed.rpx"/>
  <File Type="ROUTE-DRC-PB" Name="imp_even_odd_drc_routed.pb"/>
  <File Type="ROUTE-DRC" Name="imp_even_odd_drc_routed.rpt"/>
  <File Type="ROUTE-BLACKBOX-DCP" Name="imp_even_odd_routed_bb.dcp"/>
  <File Type="ROUTE-DCP" Name="imp_even_odd_routed.dcp"/>
  <File Type="ROUTE-ERROR-DCP" Name="imp_even_odd_routed_error.dcp"/>
  <File Type="PHYSOPT-TIMING" Name="imp_even_odd_timing_summary_physopted.rpt"/>
  <File Type="PHYSOPT-DRC" Name="imp_even_odd_drc_physopted.rpt"/>
  <File Type="PHYSOPT-DCP" Name="imp_even_odd_physopt.dcp"/>
  <File Type="POSTPLACE-PWROPT-TIMING" Name="imp_even_odd_timing_summary_postplace_pwropted.rpt"/>
  <File Type="POSTPLACE-PWROPT-DCP" Name="imp_even_odd_postplace_pwropt.dcp"/>
  <File Type="PLACE-TIMING" Name="imp_even_odd_timing_summary_placed.rpt"/>
  <File Type="PLACE-PRE-SIMILARITY" Name="imp_even_odd_incremental_reuse_pre_placed.rpt"/>
  <File Type="PLACE-SIMILARITY" Name="imp_even_odd_incremental_reuse_placed.rpt"/>
  <File Type="PLACE-CTRL" Name="imp_even_odd_control_sets_placed.rpt"/>
  <File Type="PLACE-UTIL-PB" Name="imp_even_odd_utilization_placed.pb"/>
  <File Type="PLACE-UTIL" Name="imp_even_odd_utilization_placed.rpt"/>
  <File Type="PLACE-CLK" Name="imp_even_odd_clock_utilization_placed.rpt"/>
  <File Type="PLACE-IO" Name="imp_even_odd_io_placed.rpt"/>
  <File Type="PLACE-DCP" Name="imp_even_odd_placed.dcp"/>
  <File Type="PWROPT-TIMING" Name="imp_even_odd_timing_summary_pwropted.rpt"/>
  <File Type="PWROPT-DRC" Name="imp_even_odd_drc_pwropted.rpt"/>
  <File Type="PWROPT-DCP" Name="imp_even_odd_pwropt.dcp"/>
  <File Type="OPT-TIMING" Name="imp_even_odd_timing_summary_opted.rpt"/>
  <File Type="OPT-HWDEF" Name="imp_even_odd.hwdef"/>
  <File Type="OPT-METHODOLOGY-DRC" Name="imp_even_odd_methodology_drc_opted.rpt"/>
  <File Type="OPT-DRC" Name="imp_even_odd_drc_opted.rpt"/>
  <File Type="OPT-DCP" Name="imp_even_odd_opt.dcp"/>
  <File Type="INIT-TIMING" Name="imp_even_odd_timing_summary_init.rpt"/>
  <File Type="ROUTE-BUS-SKEW-RPX" Name="imp_even_odd_bus_skew_routed.rpx"/>
  <File Type="REPORTS-TCL" Name="imp_even_odd_reports.tcl"/>
  <File Type="ROUTE-BUS-SKEW-PB" Name="imp_even_odd_bus_skew_routed.pb"/>
  <File Type="PA-TCL" Name="imp_even_odd.tcl"/>
  <FileSet Name="sources" Type="DesignSrcs" RelSrcDir="$PSRCDIR/sources_1">
    <Filter Type="Srcs"/>
    <File Path="$PPRDIR/src/sev_seg_dec/counter_n_bit.sv">
      <FileInfo>
        <Attr Name="UsedIn" Val="synthesis"/>
        <Attr Name="UsedIn" Val="implementation"/>
        <Attr Name="UsedIn" Val="simulation"/>
      </FileInfo>
    </File>
    <File Path="$PPRDIR/src/sev_seg_dec/decoder.sv">
      <FileInfo>
        <Attr Name="UsedIn" Val="synthesis"/>
        <Attr Name="UsedIn" Val="implementation"/>
        <Attr Name="UsedIn" Val="simulation"/>
      </FileInfo>
    </File>
    <File Path="$PPRDIR/src/odd_even_serial_detect/modules/even_odd.sv">
      <FileInfo>
        <Attr Name="UsedIn" Val="synthesis"/>
        <Attr Name="UsedIn" Val="implementation"/>
        <Attr Name="UsedIn" Val="simulation"/>
      </FileInfo>
    </File>
    <File Path="$PPRDIR/src/sev_seg_dec/sev_seg_controller.sv">
      <FileInfo>
        <Attr Name="UsedIn" Val="synthesis"/>
        <Attr Name="UsedIn" Val="implementation"/>
        <Attr Name="UsedIn" Val="simulation"/>
      </FileInfo>
    </File>
    <File Path="$PPRDIR/src/sev_seg_dec/sev_seg_decoder.sv">
      <FileInfo>
        <Attr Name="UsedIn" Val="synthesis"/>
        <Attr Name="UsedIn" Val="implementation"/>
        <Attr Name="UsedIn" Val="simulation"/>
      </FileInfo>
    </File>
    <File Path="$PPRDIR/src/FPGA_imp/modules/imp_even_odd.sv">
      <FileInfo>
        <Attr Name="UsedIn" Val="synthesis"/>
        <Attr Name="UsedIn" Val="implementation"/>
        <Attr Name="UsedIn" Val="simulation"/>
      </FileInfo>
    </File>
    <File Path="$PPRDIR/src/pattern_Detector/modules/SD.sv">
      <FileInfo>
        <Attr Name="AutoDisabled" Val="1"/>
        <Attr Name="UsedIn" Val="synthesis"/>
        <Attr Name="UsedIn" Val="implementation"/>
        <Attr Name="UsedIn" Val="simulation"/>
      </FileInfo>
    </File>
    <File Path="$PPRDIR/src/FPGA_imp/modules/imp_SD.sv">
      <FileInfo>
        <Attr Name="AutoDisabled" Val="1"/>
        <Attr Name="UsedIn" Val="synthesis"/>
        <Attr Name="UsedIn" Val="implementation"/>
        <Attr Name="UsedIn" Val="simulation"/>
      </FileInfo>
    </File>
    <File Path="$PPRDIR/src/digital_lock/modules/digital_lockA.sv">
      <FileInfo>
        <Attr Name="AutoDisabled" Val="1"/>
        <Attr Name="UsedIn" Val="synthesis"/>
        <Attr Name="UsedIn" Val="implementation"/>
        <Attr Name="UsedIn" Val="simulation"/>
      </FileInfo>
    </File>
    <File Path="$PPRDIR/src/digital_lock/tests/tb_digital_lockA.sv">
      <FileInfo>
        <Attr Name="AutoDisabled" Val="1"/>
        <Attr Name="UsedIn" Val="synthesis"/>
        <Attr Name="UsedIn" Val="implementation"/>
        <Attr Name="UsedIn" Val="simulation"/>
      </FileInfo>
    </File>
    <File Path="$PPRDIR/src/digital_lock/tests/tb_digital_lockB.sv">
      <FileInfo>
        <Attr Name="AutoDisabled" Val="1"/>
        <Attr Name="UsedIn" Val="synthesis"/>
        <Attr Name="UsedIn" Val="implementation"/>
        <Attr Name="UsedIn" Val="simulation"/>
      </FileInfo>
    </File>
    <File Path="$PPRDIR/src/digital_lock/tests/tb_digital_lockC.sv">
      <FileInfo>
        <Attr Name="AutoDisabled" Val="1"/>
        <Attr Name="UsedIn" Val="synthesis"/>
        <Attr Name="UsedIn" Val="implementation"/>
        <Attr Name="UsedIn" Val="simulation"/>
      </FileInfo>
    </File>
    <File Path="$PPRDIR/src/digital_lock/modules/digital_lockB.sv">
      <FileInfo>
        <Attr Name="AutoDisabled" Val="1"/>
        <Attr Name="UsedIn" Val="synthesis"/>
        <Attr Name="UsedIn" Val="implementation"/>
        <Attr Name="UsedIn" Val="simulation"/>
      </FileInfo>
    </File>
    <File Path="$PPRDIR/src/digital_lock/modules/digital_lockC.sv">
      <FileInfo>
        <Attr Name="AutoDisabled" Val="1"/>
        <Attr Name="UsedIn" Val="synthesis"/>
        <Attr Name="UsedIn" Val="implementation"/>
        <Attr Name="UsedIn" Val="simulation"/>
      </FileInfo>
    </File>
    <File Path="$PPRDIR/src/odd_even_serial_detect/tests/tb_even_odd.sv">
      <FileInfo>
        <Attr Name="AutoDisabled" Val="1"/>
        <Attr Name="UsedIn" Val="synthesis"/>
        <Attr Name="UsedIn" Val="implementation"/>
        <Attr Name="UsedIn" Val="simulation"/>
      </FileInfo>
    </File>
    <File Path="$PPRDIR/src/FPGA_imp/modules/imp_digital_lockA.sv">
      <FileInfo>
        <Attr Name="AutoDisabled" Val="1"/>
        <Attr Name="UsedIn" Val="synthesis"/>
        <Attr Name="UsedIn" Val="implementation"/>
        <Attr Name="UsedIn" Val="simulation"/>
      </FileInfo>
    </File>
    <File Path="$PPRDIR/src/digital_lock/modules/button_debouncer.sv">
      <FileInfo>
        <Attr Name="AutoDisabled" Val="1"/>
        <Attr Name="UsedIn" Val="synthesis"/>
        <Attr Name="UsedIn" Val="implementation"/>
        <Attr Name="UsedIn" Val="simulation"/>
      </FileInfo>
    </File>
    <File Path="$PPRDIR/src/pattern_Detector/tests/tb_SD.sv">
      <FileInfo>
        <Attr Name="AutoDisabled" Val="1"/>
        <Attr Name="UsedIn" Val="synthesis"/>
        <Attr Name="UsedIn" Val="implementation"/>
        <Attr Name="UsedIn" Val="simulation"/>
      </FileInfo>
    </File>
    <File Path="$PPRDIR/src/sev_seg_dec/sev_seg.sv">
      <FileInfo>
        <Attr Name="AutoDisabled" Val="1"/>
        <Attr Name="UsedIn" Val="synthesis"/>
        <Attr Name="UsedIn" Val="implementation"/>
        <Attr Name="UsedIn" Val="simulation"/>
      </FileInfo>
    </File>
    <Config>
      <Option Name="DesignMode" Val="RTL"/>
      <Option Name="TopModule" Val="imp_even_odd"/>
    </Config>
  </FileSet>
  <FileSet Name="constrs_in" Type="Constrs" RelSrcDir="$PSRCDIR/constrs_1">
    <Filter Type="Constrs"/>
    <File Path="$PPRDIR/src/Nexys-A7-100T-Master.xdc">
      <FileInfo>
        <Attr Name="UsedIn" Val="synthesis"/>
        <Attr Name="UsedIn" Val="implementation"/>
      </FileInfo>
    </File>
    <Config>
      <Option Name="ConstrsType" Val="XDC"/>
    </Config>
  </FileSet>
  <FileSet Name="utils" Type="Utils" RelSrcDir="$PSRCDIR/utils_1">
    <Filter Type="Utils"/>
    <Config>
      <Option Name="TopAutoSet" Val="TRUE"/>
    </Config>
  </FileSet>
  <Strategy Version="1" Minor="2">
    <StratHandle Name="Vivado Implementation Defaults" Flow="Vivado Implementation 2019">
      <Desc>Default settings for Implementation.</Desc>
    </StratHandle>
    <Step Id="init_design"/>
    <Step Id="opt_design"/>
    <Step Id="power_opt_design"/>
    <Step Id="place_design"/>
    <Step Id="post_place_power_opt_design"/>
    <Step Id="phys_opt_design"/>
    <Step Id="route_design"/>
    <Step Id="post_route_phys_opt_design"/>
    <Step Id="write_bitstream"/>
  </Strategy>
</GenRun>
